{
	"miniprogramRoot": "miniprogram/",
	"cloudfunctionRoot": "cloudfunctions/",
	"setting": {
		"urlCheck": true,
		"es6": true,
		"postcss": true,
		"minified": true,
		"newFeature": true,
		"enhance": true
	},
	"appid": "wx2a2cf70fedafe90a",
	"projectname": "music-imooc",
	"libVersion": "2.10.0",
	"simulatorType": "wechat",
	"simulatorPluginLibVersion": {},
	"cloudfunctionTemplateRoot": "cloudfunctionTemplate",
	"condition": {
		"search": {
			"current": -1,
			"list": []
		},
		"conversation": {
			"current": -1,
			"list": []
		},
		"plugin": {
			"current": -1,
			"list": []
		},
		"game": {
			"list": []
		},
		"gamePlugin": {
			"current": -1,
			"list": []
		},
		"miniprogram": {
			"current": 0,
			"list": [
				{
					"id": -1,
					"name": "db guide",
					"pathName": "pages/databaseGuide/databaseGuide",
					"query": ""
				},
				{
					"id": 1,
					"name": "pages/musiclist/musiclist",
					"pathName": "pages/musiclist/musiclist",
					"query": "playlistId=79148013",
					"scene": null
				},
				{
					"id": -1,
					"name": "pages/blog/blog",
					"pathName": "pages/blog/blog",
					"query": "",
					"scene": null
				},
				{
					"id": 3,
					"name": "blog-edit",
					"pathName": "pages/blog-edit/blog-edit",
					"query": "nickName=ting&avatarUrl=https://wx.qlogo.cn/mmopen/vi_32/11r5aYic63aG4rOox…mZ82tXCibZ7E3iaSez3y29TCB07fIuDUUJFvmyozD501g/132",
					"scene": null
				},
				{
					"id": -1,
					"name": "blog-comment",
					"pathName": "pages/blog-comment/blog-comment",
					"query": "blogId=0ec685215e2668f3043007763ba03d5d",
					"scene": null
				},
				{
					"id": -1,
					"name": "pages/profile/profile",
					"pathName": "pages/profile/profile",
					"query": "",
					"scene": null
				},
				{
					"id": -1,
					"name": "pages/playlist/playlist",
					"pathName": "pages/playlist/playlist",
					"query": "playlistId=79148013",
					"scene": null
				}
			]
		}
	}
}